file,category,size_mb,outcome,pages,sampled,encrypted,can_copy,can_print,labels_defined,labels_differ,open_cold_ms,open_warm_ms,render_p50_ms,render_p95_ms,render_200_p95_ms,tile_400_ms,text_pages_no_text,text_p95_ms,char_boxes_ms,find_word,find_ms,find_hits,find_on_expected_page,find_has_rects,peak_mb,worker_restarts,hash_ms,error
Game Masters Books/Games Masters Book of Traps Puzzles and Dungeons.pdf,largest file (782 MB),745.72,ok,259,25,False,True,True,0,0,177.73,21.1,24.84,383.52,421.24,261.78,0,30.58,24.05,Puzzles,848.71,262,True,True,803.2,0,455.76,
DungeonCrawlerCarl/carl_rpg_core_rulebook_digital_hi-res_watermarked.pdf,"most pages (650), page labels",216.68,ok,650,25,False,True,True,650,650,172.4,36.28,138.14,227.67,550.62,98.6,0,24.21,20.57,Possible,1690.98,97,True,True,291.06,0,121.33,
Game Masters Books/Games Masters Book of Astonishing Random Tables.pdf,"scanned, page labels",171.77,ok,290,25,False,True,True,290,290,134.03,18.19,25.09,199.36,225.72,199.26,23,13.93,22.61,Enhance,79.58,2,True,True,194.14,0,88.56,
Game Masters Books/Games Masters Book of Legendary Dragons.pdf,scanned,329.55,ok,242,25,False,True,True,242,242,128.42,12.04,399.52,423.06,472.97,209.86,23,21.97,36.04,LEGENDARY,128.68,6,True,True,354.43,0,175.67,
Coriolis/coriolis_rulebook_ENG_digital_201022_opt.pdf,multi-column,48.6,ok,386,25,False,True,True,0,0,153.35,37.79,122.62,165.98,403.76,58.55,2,13.5,16.19,starkly,822.07,1,True,True,263.39,0,26.5,
Castles & Crusades/Tome_of_the_Unclean.pdf,"multi-column, older layout",67.63,ok,146,25,False,True,True,0,0,131.67,15.6,19.25,1057.96,1065.66,1139.7,2,12.03,18.86,UNCLEAN,287.13,70,True,True,92.28,0,36.58,
Cosmere/SL002_Stormlight_World_Guide_digital.pdf,art-heavy,189.08,ok,280,25,False,True,True,280,280,165.09,48.81,107.56,300.52,823.34,140.99,3,26.68,24.42,millennia,648.03,27,True,True,277.3,0,99.09,
FateForge/bestiary_creatures_vol1.pdf,"long, image-heavy",204.85,ok,418,25,False,True,True,0,0,224.44,104.04,298.12,493.01,1055.32,117.36,5,11.12,24.52,Children,787.11,33,True,True,284.96,0,115.62,
Twilight 2000/T2k_Players_Manual_220804.pdf,"encrypted, restricted",25.7,ok,156,25,True,True,True,156,156,140.18,12.02,114.72,211.88,611.21,92.77,0,11.39,20.55,EFFECTS,360.1,62,True,True,254.43,0,14.91,
Coriolis/COR_emissary_lost_digital.pdf,"encrypted, restricted",19.01,ok,235,25,True,True,True,0,0,128.9,12.95,120.58,170.11,414.88,30.39,0,12.76,20.24,repeating,671.98,2,True,True,282,0,12.86,
Coriolis/battlemaps_download.pdf,battle maps,1.07,ok,2,2,False,True,True,0,0,127.24,8.7,120.71,142.28,231.47,123.68,1,12.29,9.69,,,,,,64.16,0,1.23,
FateForge/Cartography_Lands_Encyclopedia_1_EN_09-02-22/FATEFORGE_Accessories_Cartography_Lands-Kaan_EN_28-04-21.pdf,A3 map,3.27,ok,1,1,False,True,True,0,0,122.4,8.28,183.2,183.2,262.92,135.64,0,12.48,11.92,Amidral,11.51,1,True,True,77.49,0,3.05,
FateForge/gamemasterscreen_greatwyrm.pdf,extreme aspect ratio,4.2,ok,2,2,False,True,True,0,0,126.29,8.44,63.83,139.81,173.63,97.19,1,18.49,31.54,Difficulty,16.81,3,True,True,43.05,0,3.94,
Ryokos Guide to the Yokai Realms/RyokoItemCards_-_Ryoko_s_Treasures_v1.00__Digital_.pdf,many tiny pages,17.47,ok,180,25,False,True,True,0,0,129.5,16.25,68.14,134.13,345.52,56.82,0,9.05,9.35,theTengu,77.6,6,True,True,286.7,0,10.99,
HumbleBundle/OutOfTheBox.pdf,different producer,31.9,ok,199,25,False,True,True,199,199,132.25,14.1,85.98,112.25,284.61,42.36,2,10.68,21.41,Vallius,329.3,19,True,True,193.09,0,18.16,
Oneshots/Quartershots/QSRR-Prep-DCC-v1_0-interactive.pdf,interactive,5.13,ok,24,24,False,True,True,0,0,126.26,10.94,17.93,26.8,32.59,10.63,0,12.13,18.58,gweeldore,72.25,5,True,True,37.77,0,4.07,
"Truly, Madly, Deeply/912541-TMD_Consolidated.pdf",duplicate pair A,193.05,ok,44,25,False,True,True,0,0,125.38,9.3,117.67,194.97,311.43,83.22,1,17.23,28.27,Seasons,329,1,True,True,242.7,0,113.95,
"Truly, Madly, Deeply/TrulyMadlyDeeply.pdf",duplicate pair B,193.05,ok,44,25,False,True,True,0,0,126.21,8.85,117.25,172.87,275.94,80.24,1,18.01,29.58,Seasons,269.06,1,True,True,242.88,0,112.31,
generated/password-open.pdf,fixture: open password,1.3,ok,24,24,True,True,True,0,0,134.31,12.84,15.72,20.51,31.35,11.78,0,11.77,23.92,gweeldore,65.2,5,True,True,20.19,0,1.59,
generated/password-open.pdf,fixture: password not supplied,1.3,open-password,,,,,,,,121.41,,,,,,0,,,,,,,,9.21,0,1.59,Open failed (PDFium error 4).
generated/broken-xref.pdf,fixture: damaged cross-reference (repairable),1.29,ok,24,24,False,True,True,0,0,126.15,10.87,15.83,20.37,31.92,10.54,0,11.98,19.55,gweeldore,64.8,5,True,True,20.56,0,1.02,
generated/truncated.pdf,fixture: truncated download,7.45,open-format,,,,,,,,125.7,,,,,,0,,,,,,,,10.14,0,4.69,Open failed (PDFium error 3).
generated/mixed-scan-digital.pdf,fixture: scanned and digital pages mixed,2.66,ok,6,6,False,True,True,3,3,125.16,8.29,35.87,147.75,329.31,17.45,4,11.69,9.03,through,11.95,1,True,True,103.76,0,2.32,
