file,unchanged,size_before,size_after,modified_before,modified_after
C:\Users\david\OneDrive - Castillo Life\eBooks\D&D\Game Masters Books\Games Masters Book of Traps Puzzles and Dungeons.pdf,True,781949054,781949054,2025-06-01T03:27:34.0000000Z,2025-06-01T03:27:34.0000000Z
C:\Users\david\OneDrive - Castillo Life\eBooks\D&D\DungeonCrawlerCarl\carl_rpg_core_rulebook_digital_hi-res_watermarked.pdf,True,227200586,227200586,2026-08-28T00:53:00.1686113Z,2026-08-28T00:53:00.1686113Z
C:\Users\david\OneDrive - Castillo Life\eBooks\D&D\Game Masters Books\Games Masters Book of Astonishing Random Tables.pdf,True,180114025,180114025,2025-06-01T03:30:14.0000000Z,2025-06-01T03:30:14.0000000Z
C:\Users\david\OneDrive - Castillo Life\eBooks\D&D\Game Masters Books\Games Masters Book of Legendary Dragons.pdf,True,345555288,345555288,2025-06-01T03:30:14.0000000Z,2025-06-01T03:30:14.0000000Z
C:\Users\david\OneDrive - Castillo Life\eBooks\D&D\Coriolis\coriolis_rulebook_ENG_digital_201022_opt.pdf,True,50958504,50958504,2024-12-17T04:03:56.0000000Z,2024-12-17T04:03:56.0000000Z
C:\Users\david\OneDrive - Castillo Life\eBooks\D&D\Castles & Crusades\Tome_of_the_Unclean.pdf,True,70910820,70910820,2026-05-04T19:54:39.6800000Z,2026-05-04T19:54:39.6800000Z
C:\Users\david\OneDrive - Castillo Life\eBooks\D&D\Cosmere\SL002_Stormlight_World_Guide_digital.pdf,True,198266522,198266522,2025-11-07T02:02:44.0000000Z,2025-11-07T02:02:44.0000000Z
C:\Users\david\OneDrive - Castillo Life\eBooks\D&D\FateForge\bestiary_creatures_vol1.pdf,True,214797394,214797394,2026-03-24T01:17:52.1422534Z,2026-03-24T01:17:52.1422534Z
C:\Users\david\OneDrive - Castillo Life\eBooks\D&D\Twilight 2000\T2k_Players_Manual_220804.pdf,True,26945071,26945071,2024-12-17T04:04:13.0000000Z,2024-12-17T04:04:13.0000000Z
C:\Users\david\OneDrive - Castillo Life\eBooks\D&D\Coriolis\COR_emissary_lost_digital.pdf,True,19937658,19937658,2024-12-17T04:03:55.0000000Z,2024-12-17T04:03:55.0000000Z
C:\Users\david\OneDrive - Castillo Life\eBooks\D&D\Coriolis\battlemaps_download.pdf,True,1117039,1117039,2024-12-17T04:03:53.0000000Z,2024-12-17T04:03:53.0000000Z
C:\Users\david\OneDrive - Castillo Life\eBooks\D&D\FateForge\Cartography_Lands_Encyclopedia_1_EN_09-02-22\FATEFORGE_Accessories_Cartography_Lands-Kaan_EN_28-04-21.pdf,True,3431625,3431625,2026-03-24T01:13:43.9204247Z,2026-03-24T01:13:43.9204247Z
C:\Users\david\OneDrive - Castillo Life\eBooks\D&D\FateForge\gamemasterscreen_greatwyrm.pdf,True,4400035,4400035,2026-03-24T01:59:23.4013782Z,2026-03-24T01:59:23.4013782Z
C:\Users\david\OneDrive - Castillo Life\eBooks\D&D\Ryokos Guide to the Yokai Realms\RyokoItemCards_-_Ryoko_s_Treasures_v1.00__Digital_.pdf,True,18318087,18318087,2025-10-27T23:53:53.0000000Z,2025-10-27T23:53:53.0000000Z
C:\Users\david\OneDrive - Castillo Life\eBooks\D&D\HumbleBundle\OutOfTheBox.pdf,True,33452544,33452544,2024-01-13T17:37:17.0000000Z,2024-01-13T17:37:17.0000000Z
C:\Users\david\OneDrive - Castillo Life\eBooks\D&D\Oneshots\Quartershots\QSRR-Prep-DCC-v1_0-interactive.pdf,True,5379418,5379418,2025-10-11T02:32:14.0000000Z,2025-10-11T02:32:14.0000000Z
"C:\Users\david\OneDrive - Castillo Life\eBooks\D&D\Truly, Madly, Deeply\912541-TMD_Consolidated.pdf",True,202427863,202427863,2024-01-11T20:31:30.0000000Z,2024-01-11T20:31:30.0000000Z
"C:\Users\david\OneDrive - Castillo Life\eBooks\D&D\Truly, Madly, Deeply\TrulyMadlyDeeply.pdf",True,202427863,202427863,2024-01-11T18:01:25.0000000Z,2024-01-11T18:01:25.0000000Z
Z:\repos\bibliotaph\spikes\corpus\generated\password-open.pdf,True,1367151,1367151,2026-10-08T16:02:10.1739186Z,2026-10-08T16:02:10.1739186Z
Z:\repos\bibliotaph\spikes\corpus\generated\broken-xref.pdf,True,1347763,1347763,2026-10-08T16:02:10.4193072Z,2026-10-08T16:02:10.4193072Z
Z:\repos\bibliotaph\spikes\corpus\generated\truncated.pdf,True,7806912,7806912,2026-10-08T16:02:11.7818927Z,2026-10-08T16:02:11.7818927Z
Z:\repos\bibliotaph\spikes\corpus\generated\mixed-scan-digital.pdf,True,2792283,2792283,2026-10-08T16:02:14.0484952Z,2026-10-08T16:02:14.0484952Z
